{
    "answer_path": "../results/Octavius_2d/RSNA/20240611042941/MedQA_20240611043129.json",
    "result": {
        "bleu": 0.17611268162727356,
        "ROUGE1": 0.18152146464646463,
        "METEOR": 0.17098316228707552
    }
}