{
    "answer_path": "../results/Octavius_2d/RSNA/20240606043456/RSNA_20240606044023.json",
    "result": {
        "ACC": 0.9479392624728851,
        "Precision": 0.8361445783132531,
        "Recall": 0.9886039886039886,
        "F1": 0.9060052219321149,
        "MCC": 0.8761895946306232
    }
}