{
    "answer_path": "../results/Octavius_2d/RSNA/20240611104905/RSNA_20240611105017.json",
    "result": {
        "ACC": 0.2863247863247863,
        "Precision": 0.10614525139664804,
        "Recall": 0.7307692307692307,
        "F1": 0.18536585365853658,
        "MCC": -0.02850605595313121
    }
}