{
    "answer_path": "../results/Octavius_2d/RSNA/20240610134008/RSNA_20240610134647.json",
    "result": {
        "ACC": 0.4516276937184778,
        "Precision": 0.7257142857142858,
        "Recall": 0.0996078431372549,
        "F1": 0.17517241379310344,
        "MCC": 0.08458216467366697
    }
}