{
    "answer_path": "../results/Octavius_2d/RSNA/20240605030927/RSNA_20240605031059.json",
    "result": {
        "ACC": 0.5726495726495726,
        "Precision": 0.5257142857142857,
        "Recall": 0.8440366972477065,
        "F1": 0.647887323943662,
        "MCC": 0.2068160611099598
    }
}