{
    "answer_path": "../results/Octavius_2d/RSNA/20240610134757/RSNA_20240610135953.json",
    "result": {
        "ACC": 0.9001310615989515,
        "Precision": 0.3588516746411483,
        "Recall": 0.2329192546583851,
        "F1": 0.2824858757062147,
        "MCC": 0.23767728263685564
    }
}