{
    "answer_path": "../results/Octavius_2d/RSNA/20240608104311/RSNA_20240608105422.json",
    "result": {
        "ACC": 0.7864923747276689,
        "Precision": 0.7220015885623511,
        "Recall": 0.9558359621451105,
        "F1": 0.8226244343891402,
        "MCC": 0.6031494611901634
    }
}