{
    "answer_path": "../results/Octavius_2d/RSNA/20240608034147/RSNA_20240608035935.json",
    "result": {
        "ACC": 0.8414154652686763,
        "Precision": 0.2314990512333966,
        "Recall": 0.37888198757763975,
        "F1": 0.287396937573616,
        "MCC": 0.21183892007235283
    }
}