{
    "answer_path": "../results/Octavius_2d/RSNA/20240604110216/RSNA_20240604111123.json",
    "result": {
        "ACC": 0.7592592592592593,
        "Precision": 0.8748159057437408,
        "Recall": 0.6246056782334385,
        "F1": 0.7288343558282209,
        "MCC": 0.5470852624805178
    }
}