{
    "answer_path": "../results/Octavius_2d/RSNA/20240604233123/MedQA_20240604233233.json",
    "result": {
        "bleu": 0.01203416008502245,
        "ROUGE1": 0.0342352967170155,
        "METEOR": 0.028338567036457527
    }
}