{
    "answer_path": "../results/Octavius_2d/RSNA/20240608111613/RSNA_20240608112449.json",
    "result": {
        "ACC": 0.9566160520607375,
        "Precision": 0.8610421836228288,
        "Recall": 0.9886039886039886,
        "F1": 0.9204244031830239,
        "MCC": 0.8948144407870512
    }
}