{
    "answer_path": "../results/Octavius_2d/RSNA/20240604051606/RSNA_20240604052207.json",
    "result": {
        "ACC": 0.923355025307303,
        "Precision": 0.9359430604982206,
        "Recall": 0.7492877492877493,
        "F1": 0.8322784810126582,
        "MCC": 0.7915331117573222
    }
}