{
    "answer_path": "../results/Octavius_2d/RSNA/20240611091804/RSNA_20240611091920.json",
    "result": {
        "ACC": 0.594017094017094,
        "Precision": 0.4444444444444444,
        "Recall": 0.75,
        "F1": 0.5581395348837209,
        "MCC": 0.2524963908470595
    }
}