{
    "answer_path": "../results/Octavius_2d/RSNA/20240604130624/RSNA_20240604130858.json",
    "result": {
        "ACC": 0.398,
        "Precision": 0.03565640194489465,
        "Recall": 0.7586206896551724,
        "F1": 0.06811145510835913,
        "MCC": 0.05034706055674866
    }
}