{
    "answer_path": "../results/Octavius_2d/RSNA/20240608051733/RSNA_20240608053444.json",
    "result": {
        "ACC": 0.5363040629095674,
        "Precision": 0.10955207771181867,
        "Recall": 0.6304347826086957,
        "F1": 0.18666666666666668,
        "MCC": 0.08791561513064508
    }
}