{
    "answer_path": "../results/Octavius_2d/RSNA/20240604021725/RSNA_20240604024314.json",
    "result": {
        "ACC": 0.4314534617148097,
        "Precision": 0.5697211155378487,
        "Recall": 0.11215686274509803,
        "F1": 0.1874180865006553,
        "MCC": -0.010884196945486547
    }
}