{
    "answer_path": "../results/Octavius_2d/RSNA/20240524003255/RSNA_20240524011355.json",
    "result": {
        "ACC": 0.8349673202614379,
        "Precision": 0.8454157782515992,
        "Recall": 0.8338590956887487,
        "F1": 0.8395976707252515,
        "MCC": 0.669743203013188
    }
}