{
    "answer_path": "../results/Octavius_2d/RSNA/20240611045256/MedQA_20240611050017.json",
    "result": {
        "bleu": 0.6811909675598145,
        "ROUGE1": 0.6815541031227306,
        "METEOR": 0.3408678286129267
    }
}