{
    "answer_path": "../results/Octavius_2d/RSNA/20240604234631/MedQA_20240604234845.json",
    "result": {
        "bleu": 0.00040216033812612295,
        "ROUGE1": 0.00238222590464168,
        "METEOR": 0.006302646421553602
    }
}