{
    "answer_path": "../results/Octavius_2d/RSNA/20240604111732/RSNA_20240604112928.json",
    "result": {
        "ACC": 0.9123093681917211,
        "Precision": 0.8776290630975143,
        "Recall": 0.9652996845425867,
        "F1": 0.9193790686029043,
        "MCC": 0.8282270906472952
    }
}