{
    "answer_path": "../results/Octavius_2d/RSNA/20240608113937/RSNA_20240608115122.json",
    "result": {
        "ACC": 0.9079520697167756,
        "Precision": 0.8723809523809524,
        "Recall": 0.9631966351209253,
        "F1": 0.9155422288855573,
        "MCC": 0.8197785840567984
    }
}