{
    "answer_path": "../results/Octavius_2d/RSNA/20240608073715/RSNA_20240608075409.json",
    "result": {
        "ACC": 0.909829619921363,
        "Precision": 0.4067796610169492,
        "Recall": 0.14906832298136646,
        "F1": 0.21818181818181817,
        "MCC": 0.20717926240743112
    }
}