{
    "answer_path": "../results/Octavius_2d/RSNA/20240609114029/RSNA_20240609114155.json",
    "result": {
        "ACC": 0.6111111111111112,
        "Precision": 0.5535714285714286,
        "Recall": 0.8532110091743119,
        "F1": 0.6714801444043321,
        "MCC": 0.28068824878515397
    }
}