{
    "answer_path": "../results/Octavius_2d/RSNA/20240522231417/RSNA_20240522235535.json",
    "result": {
        "ACC": 0.803921568627451,
        "Precision": 0.8140276301806588,
        "Recall": 0.8054679284963197,
        "F1": 0.8097251585623678,
        "MCC": 0.6075257339359849
    }
}