{
    "answer_path": "../results/Octavius_2d/RSNA/20240604033218/RSNA_20240604034203.json",
    "result": {
        "ACC": 0.8411533420707733,
        "Precision": 0.16350710900473933,
        "Recall": 0.21428571428571427,
        "F1": 0.18548387096774194,
        "MCC": 0.1003522179507941
    }
}