{
    "answer_path": "../results/Octavius_2d/RSNA/20240611104501/RSNA_20240611104806.json",
    "result": {
        "ACC": 0.3815,
        "Precision": 0.1975,
        "Recall": 0.2098273572377158,
        "F1": 0.2034771410173857,
        "MCC": -0.3016523286571024
    }
}