{
    "answer_path": "../results/Octavius_2d/RSNA/20240608054306/RSNA_20240608060010.json",
    "result": {
        "ACC": 0.9116644823066842,
        "Precision": 0.43243243243243246,
        "Recall": 0.14906832298136646,
        "F1": 0.22170900692840648,
        "MCC": 0.21672472050711108
    }
}