{
    "answer_path": "../results/Octavius_2d/RSNA/20240524164654/RSNA_20240524170605.json",
    "result": {
        "ACC": 0.9221132897603486,
        "Precision": 0.904,
        "Recall": 0.9505783385909569,
        "F1": 0.9267042542286007,
        "MCC": 0.8449370669081592
    }
}