{
    "answer_path": "../results/Octavius_2d/RSNA/20240606053125/RSNA_20240606053904.json",
    "result": {
        "ACC": 0.6824618736383442,
        "Precision": 0.6233243967828418,
        "Recall": 0.9779179810725552,
        "F1": 0.7613589848546869,
        "MCC": 0.43908918641091416
    }
}