{
    "answer_path": "../results/Octavius_2d/RSNA/20240604060610/RSNA_20240604061135.json",
    "result": {
        "ACC": 0.841648590021692,
        "Precision": 0.7727272727272727,
        "Recall": 0.5327635327635327,
        "F1": 0.6306913996627319,
        "MCC": 0.5491656920783491
    }
}