{
    "answer_path": "../results/Octavius_2d/RSNA/20240608045427/RSNA_20240608051215.json",
    "result": {
        "ACC": 0.8870249017038008,
        "Precision": 0.3302180685358255,
        "Recall": 0.32919254658385094,
        "F1": 0.3297045101088647,
        "MCC": 0.2680190713023541
    }
}