{
    "answer_path": "../results/Octavius_2d/RSNA/20240609092411/RSNA_20240609093214.json",
    "result": {
        "ACC": 0.9509803921568627,
        "Precision": 0.9715224534501643,
        "Recall": 0.9327024185068349,
        "F1": 0.9517167381974249,
        "MCC": 0.9027534345237305
    }
}