{
    "answer_path": "../results/Octavius_2d/RSNA/20240604115629/RSNA_20240604120422.json",
    "result": {
        "ACC": 0.9833694866232827,
        "Precision": 0.9606741573033708,
        "Recall": 0.9743589743589743,
        "F1": 0.9674681753889675,
        "MCC": 0.9563416137454497
    }
}