{
    "answer_path": "../results/Octavius_2d/RSNA/20240608130805/RSNA_20240608131734.json",
    "result": {
        "ACC": 0.48830811554332876,
        "Precision": 0.55756698044895,
        "Recall": 0.6039215686274509,
        "F1": 0.5798192771084337,
        "MCC": -0.0720593029289037
    }
}