{
    "answer_path": "../results/Octavius_2d/RSNA/20240611102043/RSNA_20240611102155.json",
    "result": {
        "ACC": 0.28205128205128205,
        "Precision": 0.12290502793296089,
        "Recall": 0.6666666666666666,
        "F1": 0.20754716981132076,
        "MCC": -0.0939245054503299
    }
}