{
    "answer_path": "../results/Octavius_2d/RSNA/20240604032428/RSNA_20240604033011.json",
    "result": {
        "ACC": 0.8241153342070773,
        "Precision": 0.13871635610766045,
        "Recall": 0.2080745341614907,
        "F1": 0.16645962732919253,
        "MCC": 0.07438573640117073
    }
}