{
    "answer_path": "../results/Octavius_2d/RSNA/20240604115520/RSNA_20240604120307.json",
    "result": {
        "ACC": 0.8611713665943601,
        "Precision": 0.650853889943074,
        "Recall": 0.9772079772079773,
        "F1": 0.7813211845102506,
        "MCC": 0.7158976295745876
    }
}