{
    "answer_path": "../results/Octavius_2d/RSNA/20240611095115/RSNA_20240611095229.json",
    "result": {
        "ACC": 0.5384615384615384,
        "Precision": 0.41358024691358025,
        "Recall": 0.8375,
        "F1": 0.5537190082644629,
        "MCC": 0.22673592811171567
    }
}