{
    "answer_path": "../results/Octavius_2d/RSNA/20240523000358/RSNA_20240523004408.json",
    "result": {
        "ACC": 0.7913943355119826,
        "Precision": 0.7939958592132506,
        "Recall": 0.8065194532071503,
        "F1": 0.800208659363589,
        "MCC": 0.5820809993885089
    }
}