{
    "answer_path": "../results/Octavius_2d/RSNA/20240608124155/RSNA_20240608125229.json",
    "result": {
        "ACC": 0.4534617148097203,
        "Precision": 0.5855670103092784,
        "Recall": 0.2227450980392157,
        "F1": 0.32272727272727275,
        "MCC": 0.0010556316196063903
    }
}