{
    "answer_path": "../results/Octavius_2d/RSNA/20240604045043/RSNA_20240604045457.json",
    "result": {
        "ACC": 0.641,
        "Precision": 0.041666666666666664,
        "Recall": 0.5172413793103449,
        "F1": 0.07712082262210797,
        "MCC": 0.05661284644506951
    }
}