{
    "answer_path": "../results/Octavius_2d/RSNA/20240611105111/RSNA_20240611105226.json",
    "result": {
        "ACC": 0.25213675213675213,
        "Precision": 0.08196721311475409,
        "Recall": 0.6818181818181818,
        "F1": 0.14634146341463414,
        "MCC": -0.0782095519402715
    }
}