{
    "answer_path": "../results/Octavius_2d/RSNA/20240611084254/RSNA_20240611084847.json",
    "result": {
        "ACC": 0.4995,
        "Precision": 0.49937106918238994,
        "Recall": 0.397,
        "F1": 0.4423398328690808,
        "MCC": -0.001021698868036058
    }
}