{
    "answer_path": "../results/Octavius_2d/RSNA/20240609100733/RSNA_20240609100912.json",
    "result": {
        "ACC": 0.6079545454545454,
        "Precision": 0.7227272727272728,
        "Recall": 0.673728813559322,
        "F1": 0.6973684210526315,
        "MCC": 0.14356785167400096
    }
}