{
    "answer_path": "../results/Octavius_2d/RSNA/20240604105939/RSNA_20240604110835.json",
    "result": {
        "ACC": 0.45806100217864926,
        "Precision": 0.20270270270270271,
        "Recall": 0.015772870662460567,
        "F1": 0.02926829268292683,
        "MCC": -0.12930279915652715
    }
}