{
    "answer_path": "../results/Octavius_2d/RSNA/20240611085217/RSNA_20240611085354.json",
    "result": {
        "ACC": 0.5042735042735043,
        "Precision": 0.40625,
        "Recall": 0.975,
        "F1": 0.5735294117647058,
        "MCC": 0.2901467265243595
    }
}