{
    "answer_path": "../results/Octavius_2d/RSNA/20240608105705/RSNA_20240608110509.json",
    "result": {
        "ACC": 0.9884309472161966,
        "Precision": 0.96398891966759,
        "Recall": 0.9914529914529915,
        "F1": 0.9775280898876404,
        "MCC": 0.9699139510177809
    }
}