{
    "answer_path": "../results/Octavius_2d/RSNA/20240608042539/RSNA_20240608043331.json",
    "result": {
        "ACC": 0.9421547360809833,
        "Precision": 0.9927272727272727,
        "Recall": 0.7777777777777778,
        "F1": 0.8722044728434505,
        "MCC": 0.8459198787729856
    }
}