{
    "answer_path": "../results/Octavius_2d/RSNA/20240611093339/RSNA_20240611093452.json",
    "result": {
        "ACC": 0.34615384615384615,
        "Precision": 0.007462686567164179,
        "Recall": 0.047619047619047616,
        "F1": 0.012903225806451613,
        "MCC": -0.33324823483043103
    }
}