{
    "answer_path": "../results/Octavius_2d/RSNA/20240608054426/RSNA_20240608055417.json",
    "result": {
        "ACC": 0.4878496102705181,
        "Precision": 0.6501901140684411,
        "Recall": 0.26823529411764707,
        "F1": 0.37978900610771793,
        "MCC": 0.07504244653320724
    }
}