{
    "answer_path": "../results/Octavius_2d/RSNA/20240610133258/RSNA_20240610133910.json",
    "result": {
        "ACC": 0.9848156182212582,
        "Precision": 0.9661016949152542,
        "Recall": 0.9743589743589743,
        "F1": 0.9702127659574468,
        "MCC": 0.9600394406487127
    }
}