{
    "answer_path": "../results/Octavius_2d/RSNA/20240604231729/MedQA_20240604231837.json",
    "result": {
        "bleu": 0.012041544541716576,
        "ROUGE1": 0.024324018816601133,
        "METEOR": 0.010746106886013091
    }
}