{
    "answer_path": "../results/Octavius_2d/RSNA/20240604122635/MedQA_20240604122941.json",
    "result": {
        "ACC": 0.21014375984668732,
        "ROUGE1": 0.26207814189581474,
        "METEOR": 0.14712763967711243
    }
}