{
    "answer_path": "../results/Octavius_2d/RSNA/20240604233855/MedQA_20240604234111.json",
    "result": {
        "bleu": 0.0006106328801251948,
        "ROUGE1": 0.002929674833365544,
        "METEOR": 0.018795766563610018
    }
}