{
    "answer_path": "../results/Octavius_2d/RSNA/20240611093549/RSNA_20240611093705.json",
    "result": {
        "ACC": 0.3504273504273504,
        "Precision": 0.022222222222222223,
        "Recall": 0.13043478260869565,
        "F1": 0.0379746835443038,
        "MCC": -0.29837617591922583
    }
}