{
    "answer_path": "../results/Octavius_2d/RSNA/20240611094714/RSNA_20240611095020.json",
    "result": {
        "ACC": 0.4925,
        "Precision": 0.49490835030549896,
        "Recall": 0.729,
        "F1": 0.5895673271330368,
        "MCC": -0.017024900328225602
    }
}