{
    "answer_path": "../results/Octavius_2d/RSNA/20240608030933/RSNA_20240608031811.json",
    "result": {
        "ACC": 0.9840925524222705,
        "Precision": 0.993993993993994,
        "Recall": 0.9430199430199431,
        "F1": 0.9678362573099415,
        "MCC": 0.9578645227746104
    }
}