{
    "answer_path": "../results/Octavius_2d/RSNA/20240611095325/RSNA_20240611095440.json",
    "result": {
        "ACC": 0.5299145299145299,
        "Precision": 0.4117647058823529,
        "Recall": 0.875,
        "F1": 0.56,
        "MCC": 0.24011815313239596
    }
}