{
    "answer_path": "../results/Octavius_2d/RSNA/20240604113622/RSNA_20240604114825.json",
    "result": {
        "ACC": 0.9313725490196079,
        "Precision": 0.9374337221633086,
        "Recall": 0.9295478443743428,
        "F1": 0.9334741288278775,
        "MCC": 0.8626434194191734
    }
}