{
    "answer_path": "../results/Octavius_2d/RSNA/20240604113524/RSNA_20240604114725.json",
    "result": {
        "ACC": 0.9547930283224401,
        "Precision": 0.9822222222222222,
        "Recall": 0.9295478443743428,
        "F1": 0.9551593733117234,
        "MCC": 0.9110547929834927
    }
}