{
    "answer_path": "../results/Octavius_2d/RSNA/20240608072325/RSNA_20240608073431.json",
    "result": {
        "ACC": 0.909041394335512,
        "Precision": 0.8805825242718447,
        "Recall": 0.953732912723449,
        "F1": 0.9156991418475517,
        "MCC": 0.8203516502496775
    }
}