{
    "answer_path": "../results/Octavius_2d/RSNA/20240609091751/RSNA_20240609092316.json",
    "result": {
        "ACC": 0.9898770788141721,
        "Precision": 0.9828080229226361,
        "Recall": 0.9772079772079773,
        "F1": 0.98,
        "MCC": 0.9732308147903371
    }
}