{
    "answer_path": "../results/Octavius_2d/RSNA/20240609102948/MedQA_20240609103126.json",
    "result": {
        "bleu": 0.21875,
        "ROUGE1": 0.3068181818181818,
        "METEOR": 0.1534090909090909
    }
}