{
    "answer_path": "../results/Octavius_2d/RSNA/20240606050027/RSNA_20240606050542.json",
    "result": {
        "ACC": 0.9956616052060737,
        "Precision": 0.9914529914529915,
        "Recall": 0.9914529914529915,
        "F1": 0.9914529914529915,
        "MCC": 0.9885460147088054
    }
}