{
    "answer_path": "../results/Octavius_2d/RSNA/20240608060902/RSNA_20240608062006.json",
    "result": {
        "ACC": 0.5168845315904139,
        "Precision": 0.5174482006543075,
        "Recall": 0.9978969505783386,
        "F1": 0.681508078994614,
        "MCC": -0.03185640096645619
    }
}