{
    "answer_path": "../results/Octavius_2d/RSNA/20240608022843/RSNA_20240608030021.json",
    "result": {
        "ACC": 0.9466230936819172,
        "Precision": 0.9930635838150289,
        "Recall": 0.9032597266035752,
        "F1": 0.9460352422907489,
        "MCC": 0.8973975138467647
    }
}