{
    "answer_path": "../results/Octavius_2d/RSNA/20240606061842/RSNA_20240606063126.json",
    "result": {
        "ACC": 0.6416775884665793,
        "Precision": 0.12864250177683015,
        "Recall": 0.562111801242236,
        "F1": 0.20936957779063042,
        "MCC": 0.1216437426372338
    }
}