{
    "answer_path": "../results/Octavius_2d/RSNA/20240524014342/RSNA_20240524014754.json",
    "result": {
        "ACC": 0.8514285714285714,
        "Precision": 0.8426966292134831,
        "Recall": 0.8620689655172413,
        "F1": 0.8522727272727273,
        "MCC": 0.7030698949604528
    }
}