{
    "answer_path": "../results/Octavius_2d/RSNA/20240608101646/RSNA_20240608102757.json",
    "result": {
        "ACC": 0.9142857142857143,
        "Precision": 0.47572815533980584,
        "Recall": 0.15217391304347827,
        "F1": 0.23058823529411765,
        "MCC": 0.23448710522811064
    }
}