{
    "answer_path": "../results/Octavius_2d/RSNA/20240609104605/MedQA_20240609104724.json",
    "result": {
        "bleu": 0.21600379049777985,
        "ROUGE1": 0.22564935064935066,
        "METEOR": 0.14459843187115914
    }
}