{
    "answer_path": "../results/Octavius_2d/RSNA/20240610132305/RSNA_20240610133201.json",
    "result": {
        "ACC": 0.9498910675381264,
        "Precision": 0.983127109111361,
        "Recall": 0.9190325972660357,
        "F1": 0.95,
        "MCC": 0.9019505680815353
    }
}