{
    "answer_path": "../results/Octavius_2d/RSNA/20240611063912/RSNA_20240611064418.json",
    "result": {
        "ACC": 0.8973246565437455,
        "Precision": 0.9906103286384976,
        "Recall": 0.6011396011396012,
        "F1": 0.74822695035461,
        "MCC": 0.7224098363396293
    }
}