{
    "answer_path": "../results/Octavius_2d/RSNA/20240611091555/RSNA_20240611091708.json",
    "result": {
        "ACC": 0.5982905982905983,
        "Precision": 0.44776119402985076,
        "Recall": 0.75,
        "F1": 0.5607476635514018,
        "MCC": 0.2583927539120979
    }
}