{
    "answer_path": "../results/Octavius_2d/RSNA/20240522184409/MedQA_20240522184832.json",
    "result": {
        "ACC": 0.3851644992828369,
        "ROUGE1": 0.5759999999999996,
        "METEOR": 0.27014290719117295
    }
}