{
    "answer_path": "../results/Octavius_2d/RSNA/20240611051038/RSNA_20240611051902.json",
    "result": {
        "ACC": 0.681917211328976,
        "Precision": 1.0,
        "Recall": 0.38590956887486855,
        "F1": 0.5569044006069803,
        "MCC": 0.48217369208178346
    }
}