{
    "answer_path": "../results/Octavius_2d/RSNA/20240606110833/RSNA_20240606111619.json",
    "result": {
        "ACC": 0.9362745098039216,
        "Precision": 0.9255102040816326,
        "Recall": 0.953732912723449,
        "F1": 0.9394096323148627,
        "MCC": 0.8726765132817073
    }
}