{
    "answer_path": "../results/Octavius_2d/RSNA/20240605042843/RSNA_20240605043359.json",
    "result": {
        "ACC": 0.9739696312364425,
        "Precision": 0.9968454258675079,
        "Recall": 0.9002849002849003,
        "F1": 0.9461077844311377,
        "MCC": 0.931102406595452
    }
}