{
    "answer_path": "../results/Octavius_2d/RSNA/20240604043902/RSNA_20240604044200.json",
    "result": {
        "ACC": 0.563,
        "Precision": 0.02336448598130841,
        "Recall": 0.3448275862068966,
        "F1": 0.0437636761487965,
        "MCC": -0.02905017752252428
    }
}