{
    "answer_path": "../results/Octavius_2d/RSNA/20240606133716/RSNA_20240606134405.json",
    "result": {
        "ACC": 0.9493464052287581,
        "Precision": 0.9359756097560976,
        "Recall": 0.9684542586750788,
        "F1": 0.951937984496124,
        "MCC": 0.8990143802025368
    }
}