{
    "answer_path": "../results/Octavius_2d/RSNA/20240608095723/RSNA_20240608100727.json",
    "result": {
        "ACC": 0.509399358092618,
        "Precision": 0.5801407349491791,
        "Recall": 0.5819607843137254,
        "F1": 0.5810493343774471,
        "MCC": -0.010761399470144149
    }
}