{
    "answer_path": "../results/Octavius_2d/RSNA/20240611101831/RSNA_20240611101945.json",
    "result": {
        "ACC": 0.29914529914529914,
        "Precision": 0.1348314606741573,
        "Recall": 0.7058823529411765,
        "F1": 0.22641509433962265,
        "MCC": -0.05295756625829316
    }
}