{
    "answer_path": "../results/Octavius_2d/RSNA/20240611115504/MedQA_20240611115744.json",
    "result": {
        "bleu": 0.0029158114921301603,
        "ROUGE1": 0.011666666666666665,
        "METEOR": 0.0005782742707376478
    }
}