{
    "answer_path": "../results/Octavius_2d/MedQA/20240522004309/MedQA_20240522011310.json",
    "result": {
        "ACC": 0.5391572117805481,
        "ROUGE1": 0.5579043940902911,
        "METEOR": 0.4742615541596983
    }
}