{
    "answer_path": "../results/Octavius_2d/RSNA/20240611063315/RSNA_20240611063823.json",
    "result": {
        "ACC": 0.8380332610267535,
        "Precision": 1.0,
        "Recall": 0.36182336182336183,
        "F1": 0.5313807531380753,
        "MCC": 0.5452470583315377
    }
}