{
    "answer_path": "../results/Octavius_2d/RSNA/20240611053309/RSNA_20240611054029.json",
    "result": {
        "ACC": 0.6661220043572985,
        "Precision": 0.9567567567567568,
        "Recall": 0.3722397476340694,
        "F1": 0.5359576078728236,
        "MCC": 0.44115819854157434
    }
}