{
    "answer_path": "../results/Octavius_2d/RSNA/20240522185933/RSNA_20240522190341.json",
    "result": {
        "ACC": 0.4514285714285714,
        "Precision": 0.47058823529411764,
        "Recall": 0.8275862068965517,
        "F1": 0.6,
        "MCC": -0.1400591810178244
    }
}