{
    "answer_path": "../results/Octavius_2d/RSNA/20240611051955/RSNA_20240611052717.json",
    "result": {
        "ACC": 0.7968409586056645,
        "Precision": 0.9737704918032787,
        "Recall": 0.6246056782334385,
        "F1": 0.7610506085842409,
        "MCC": 0.6434304067719603
    }
}