{
    "answer_path": "../results/Octavius_2d/RSNA/20240609093902/RSNA_20240609094540.json",
    "result": {
        "ACC": 0.8993446920052425,
        "Precision": 0.3697478991596639,
        "Recall": 0.2732919254658385,
        "F1": 0.3142857142857143,
        "MCC": 0.2647679520575514
    }
}