{
    "answer_path": "../results/Octavius_2d/RSNA/20240606054106/RSNA_20240606054821.json",
    "result": {
        "ACC": 0.5800091701054562,
        "Precision": 0.5833720390153274,
        "Recall": 0.9850980392156863,
        "F1": 0.7327887981330222,
        "MCC": -0.0217478336767011
    }
}