{
    "answer_path": "../results/Octavius_2d/RSNA/20240608211340/RSNA_20240608211934.json",
    "result": {
        "ACC": 0.9573391178597253,
        "Precision": 0.9932432432432432,
        "Recall": 0.8376068376068376,
        "F1": 0.9088098918083463,
        "MCC": 0.8866801678806141
    }
}