{
    "answer_path": "../results/Octavius_2d/RSNA/20240608132758/RSNA_20240608133758.json",
    "result": {
        "ACC": 0.5845942228335625,
        "Precision": 0.5845942228335625,
        "Recall": 1.0,
        "F1": 0.7378472222222222,
        "MCC": 0.0
    }
}