{
    "answer_path": "../results/Octavius_2d/RSNA/20240604232544/MedQA_20240604232843.json",
    "result": {
        "bleu": 0.0027511073276400566,
        "ROUGE1": 0.007805719380672186,
        "METEOR": 0.00625203814486589
    }
}