{
    "answer_path": "../results/Octavius_2d/RSNA/20240611083353/RSNA_20240611083535.json",
    "result": {
        "ACC": 0.5811965811965812,
        "Precision": 0.44375,
        "Recall": 0.8875,
        "F1": 0.5916666666666667,
        "MCC": 0.31579080737207826
    }
}