{
    "answer_path": "../results/Octavius_2d/RSNA/20240605031848/RSNA_20240605032021.json",
    "result": {
        "ACC": 0.5854700854700855,
        "Precision": 0.5333333333333333,
        "Recall": 0.8807339449541285,
        "F1": 0.6643598615916955,
        "MCC": 0.24713155629382494
    }
}