{
    "answer_path": "../results/Octavius_2d/RSNA/20240604125503/RSNA_20240604125740.json",
    "result": {
        "ACC": 0.39,
        "Precision": 0.026101141924959218,
        "Recall": 0.5517241379310345,
        "F1": 0.04984423676012461,
        "MCC": -0.021741679736895492
    }
}