{
    "answer_path": "../results/Octavius_2d/RSNA/20240608121043/RSNA_20240608122911.json",
    "result": {
        "ACC": 0.8377457404980341,
        "Precision": 0.2553542009884679,
        "Recall": 0.4813664596273292,
        "F1": 0.333692142088267,
        "MCC": 0.2674945476131901
    }
}