{
    "answer_path": "../results/Octavius_2d/RSNA/20240604111835/RSNA_20240604113017.json",
    "result": {
        "ACC": 0.8943355119825708,
        "Precision": 0.846929422548121,
        "Recall": 0.9716088328075709,
        "F1": 0.9049951028403526,
        "MCC": 0.796676967471555
    }
}