{
    "answer_path": "../results/Octavius_2d/RSNA/20240522223005/RSNA_20240522231055.json",
    "result": {
        "ACC": 0.8741830065359477,
        "Precision": 0.8688524590163934,
        "Recall": 0.8916929547844374,
        "F1": 0.8801245459263103,
        "MCC": 0.7480719167052562
    }
}