{
    "answer_path": "../results/Octavius_2d/RSNA/20240604025257/RSNA_20240604031422.json",
    "result": {
        "ACC": 0.45254470426409904,
        "Precision": 0.6085790884718498,
        "Recall": 0.1780392156862745,
        "F1": 0.27548543689320387,
        "MCC": 0.022106957030869238
    }
}