{
    "answer_path": "../results/Octavius_2d/RSNA/20240522185148/RSNA_20240522185606.json",
    "result": {
        "ACC": 0.52,
        "Precision": 0.5109489051094891,
        "Recall": 0.8045977011494253,
        "F1": 0.625,
        "MCC": 0.052429407462091314
    }
}