{
    "answer_path": "../results/Octavius_2d/RSNA/20240611111449/MedQA_20240611111727.json",
    "result": {
        "bleu": 0.003509725444018841,
        "ROUGE1": 0.008926714719415271,
        "METEOR": 0.007583466894798506
    }
}