{
    "answer_path": "../results/Octavius_2d/RSNA/20240608040806/RSNA_20240608041909.json",
    "result": {
        "ACC": 0.8545751633986928,
        "Precision": 0.9985422740524781,
        "Recall": 0.7202944269190326,
        "F1": 0.8368967623701894,
        "MCC": 0.7428124035528251
    }
}