{
    "answer_path": "../results/Octavius_2d/RSNA/20240609105217/MedQA_20240609105337.json",
    "result": {
        "bleu": 0.17938311398029327,
        "ROUGE1": 0.3060606060606062,
        "METEOR": 0.14652558770205829
    }
}