{
    "answer_path": "../results/Octavius_2d/RSNA/20240608032440/RSNA_20240608033540.json",
    "result": {
        "ACC": 0.4447501146263182,
        "Precision": 0.6111111111111112,
        "Recall": 0.1380392156862745,
        "F1": 0.2252079334612924,
        "MCC": 0.020988430815066014
    }
}