{
    "answer_path": "../results/Octavius_2d/RSNA/20240611121742/MedQA_20240611122107.json",
    "result": {
        "bleu": 0.029333334416151047,
        "ROUGE1": 0.02995238095238095,
        "METEOR": 0.030629827688651218
    }
}