{
    "answer_path": "../results/Octavius_2d/RSNA/20240608072456/RSNA_20240608073531.json",
    "result": {
        "ACC": 0.5080238422741862,
        "Precision": 0.584731543624161,
        "Recall": 0.5466666666666666,
        "F1": 0.5650587758411025,
        "MCC": 0.00030592343808261493
    }
}