{
    "answer_path": "../results/Octavius_2d/RSNA/20240611062718/RSNA_20240611063224.json",
    "result": {
        "ACC": 0.940708604483008,
        "Precision": 0.9063444108761329,
        "Recall": 0.8547008547008547,
        "F1": 0.8797653958944281,
        "MCC": 0.8410998839922568
    }
}