{
    "answer_path": "../results/Octavius_2d/RSNA/20240611082353/RSNA_20240611083003.json",
    "result": {
        "ACC": 0.504,
        "Precision": 0.5434782608695652,
        "Recall": 0.05,
        "F1": 0.09157509157509157,
        "MCC": 0.01909443833754016
    }
}