{
    "answer_path": "../results/Octavius_2d/RSNA/20240609103724/MedQA_20240609103858.json",
    "result": {
        "bleu": 0.3068181872367859,
        "ROUGE1": 0.3068181818181818,
        "METEOR": 0.1534090909090909
    }
}