{
    "answer_path": "../results/Octavius_2d/RSNA/20240610221631/RSNA_20240610222014.json",
    "result": {
        "ACC": 0.95,
        "Precision": 0.043478260869565216,
        "Recall": 0.034482758620689655,
        "F1": 0.038461538461538464,
        "MCC": 0.013238062273564818
    }
}