{
    "answer_path": "../results/Octavius_2d/RSNA/20240608065623/RSNA_20240608070411.json",
    "result": {
        "ACC": 0.9956616052060737,
        "Precision": 0.9886685552407932,
        "Recall": 0.9943019943019943,
        "F1": 0.9914772727272727,
        "MCC": 0.9885746861948113
    }
}