{
    "answer_path": "../results/Octavius_2d/RSNA/20240610221357/RSNA_20240610221541.json",
    "result": {
        "ACC": 0.6153846153846154,
        "Precision": 0.5513513513513514,
        "Recall": 0.9357798165137615,
        "F1": 0.6938775510204082,
        "MCC": 0.3331973604809771
    }
}