{
    "answer_path": "../results/Octavius_2d/RSNA/20240608070941/RSNA_20240608071732.json",
    "result": {
        "ACC": 0.9920462762111352,
        "Precision": 0.9775280898876404,
        "Recall": 0.9914529914529915,
        "F1": 0.9844413012729845,
        "MCC": 0.979143448963275
    }
}