{
    "answer_path": "../results/Octavius_2d/RSNA/20240608044130/RSNA_20240608045119.json",
    "result": {
        "ACC": 0.422283356258597,
        "Precision": 0.8260869565217391,
        "Recall": 0.014901960784313726,
        "F1": 0.029275808936825885,
        "MCC": 0.050591637904466136
    }
}