{
    "answer_path": "../results/Octavius_2d/RSNA/20240609093409/RSNA_20240609093802.json",
    "result": {
        "ACC": 0.4360385144429161,
        "Precision": 0.6717557251908397,
        "Recall": 0.06901960784313725,
        "F1": 0.1251778093883357,
        "MCC": 0.044711567845108144
    }
}