{
    "answer_path": "../results/Octavius_2d/RSNA/20240611083105/RSNA_20240611083254.json",
    "result": {
        "ACC": 0.5897435897435898,
        "Precision": 0.45,
        "Recall": 0.9,
        "F1": 0.6,
        "MCC": 0.33516549245992994
    }
}