{
    "answer_path": "../results/Octavius_2d/RSNA/20240606051320/RSNA_20240606052133.json",
    "result": {
        "ACC": 0.5844226579520697,
        "Precision": 0.5554899645808736,
        "Recall": 0.9894847528916929,
        "F1": 0.711531190926276,
        "MCC": 0.25932303489806324
    }
}