{
    "answer_path": "../results/Octavius_2d/RSNA/20240606063441/RSNA_20240606064628.json",
    "result": {
        "ACC": 0.5737876802096985,
        "Precision": 0.13246899661781286,
        "Recall": 0.7298136645962733,
        "F1": 0.22423664122137404,
        "MCC": 0.16119609595363923
    }
}