{
    "answer_path": "../results/Octavius_2d/RSNA/20240522192707/RSNA_20240522193109.json",
    "result": {
        "ACC": 0.8742857142857143,
        "Precision": 0.9113924050632911,
        "Recall": 0.8275862068965517,
        "F1": 0.8674698795180723,
        "MCC": 0.7515831908815958
    }
}