{
    "answer_path": "../results/Octavius_2d/RSNA/20240609114655/RSNA_20240609114824.json",
    "result": {
        "ACC": 0.6452991452991453,
        "Precision": 0.6274509803921569,
        "Recall": 0.5871559633027523,
        "F1": 0.6066350710900474,
        "MCC": 0.2848438953938952
    }
}