{
    "answer_path": "../results/Octavius_2d/RSNA/20240611084945/RSNA_20240611085121.json",
    "result": {
        "ACC": 0.5128205128205128,
        "Precision": 0.4095744680851064,
        "Recall": 0.9625,
        "F1": 0.5746268656716418,
        "MCC": 0.28851041736761374
    }
}