{
    "answer_path": "../results/Octavius_2d/RSNA/20240608135145/RSNA_20240608140010.json",
    "result": {
        "ACC": 0.9689081706435285,
        "Precision": 0.9904458598726115,
        "Recall": 0.886039886039886,
        "F1": 0.9353383458646617,
        "MCC": 0.9174149203063044
    }
}