{
    "answer_path": "../results/Octavius_2d/RSNA/20240609104831/MedQA_20240609105123.json",
    "result": {
        "bleu": 0.06686216592788696,
        "ROUGE1": 0.12258158654832549,
        "METEOR": 0.08854470824444943
    }
}