{
    "answer_path": "../results/Octavius_2d/RSNA/20240611123024/MedQA_20240611123258.json",
    "result": {
        "bleu": 0.0007325357873924077,
        "ROUGE1": 0.007130560850497922,
        "METEOR": 0.005815592914167423
    }
}