{
    "answer_path": "../results/Octavius_2d/RSNA/20240605025225/RSNA_20240605025841.json",
    "result": {
        "ACC": 0.2863247863247863,
        "Precision": 0.045714285714285714,
        "Recall": 1.0,
        "F1": 0.08743169398907104,
        "MCC": 0.10924404070628134
    }
}