{
    "answer_path": "../results/Octavius_2d/RSNA/20240523005144/RSNA_20240523013131.json",
    "result": {
        "ACC": 0.818082788671024,
        "Precision": 0.8822800495662949,
        "Recall": 0.7486855941114616,
        "F1": 0.8100113765642776,
        "MCC": 0.6456637698630031
    }
}