{
    "answer_path": "../results/Octavius_2d/RSNA/20240609100008/RSNA_20240609100314.json",
    "result": {
        "ACC": 0.693,
        "Precision": 0.358974358974359,
        "Recall": 0.09824561403508772,
        "F1": 0.15426997245179064,
        "MCC": 0.04766368331709546
    }
}